Coefficient;Value;Std Error;t-value;p-value;Significance;Hotspot
alpha_0;0.0032;0.0348;0.0919;0.9269;;USHighPlain
alpha_1;-3.5089;0.1259;-27.8771;0.0;***;USHighPlain
alpha_2;-1.4764;0.0908;-16.2603;0.0;***;USHighPlain
alpha_3;0.827;0.0408;20.2907;0.0;***;USHighPlain
alpha_4;2.0987;0.063;33.3171;0.0;***;USHighPlain
alpha_5;0.5456;0.0358;15.2302;0.0;***;USHighPlain
alpha_6;-0.4618;0.0562;-8.2238;0.0;***;USHighPlain
alpha_7;0.4845;0.0328;14.7874;0.0;***;USHighPlain
alpha_8;1.1489;0.0337;34.0426;0.0;***;USHighPlain
alpha_9;-0.0649;0.0309;-2.0977;0.0383;**;USHighPlain
alpha_10;1.1506;0.0878;13.1089;0.0;***;USHighPlain
alpha_11;0.7196;0.0708;10.1707;0.0;***;USHighPlain
alpha_12;2.2489;0.0858;26.1996;0.0;***;USHighPlain
alpha_13;0.2822;0.0436;6.4738;0.0;***;USHighPlain
alpha_14;0.893;0.0042;211.786;0.0;***;USHighPlain
alpha_15;0.093;0.0439;2.1181;0.0365;**;USHighPlain
alpha_16;1.5991;0.1504;10.6317;0.0;***;USHighPlain
alpha_17;-1.4608;0.074;-19.7395;0.0;***;USHighPlain
alpha_18;0.5;0.0488;10.2532;0.0;***;USHighPlain
alpha_19;0.2667;0.0178;14.9888;0.0;***;USHighPlain
alpha_20;-0.9225;0.0991;-9.3106;0.0;***;USHighPlain
alpha_21;0.34;0.0739;4.6007;0.0;***;USHighPlain
alpha_0;0.5366;0.0398;13.4891;0.0;***;Greece
alpha_1;1.067;0.0594;17.9746;0.0;***;Greece
alpha_2;0.2995;0.0587;5.0992;0.0;***;Greece
alpha_3;-0.0641;0.0462;-1.3885;0.1679;;Greece
alpha_4;0.3096;0.0665;4.6521;0.0;***;Greece
alpha_5;0.2291;0.0331;6.9195;0.0;***;Greece
alpha_6;0.1659;0.0339;4.8892;0.0;***;Greece
alpha_7;0.0792;0.0195;4.0527;0.0001;***;Greece
alpha_8;-0.1066;0.0543;-1.9633;0.0522;;Greece
alpha_9;-0.0733;0.0576;-1.2728;0.2059;;Greece
alpha_10;-0.3337;0.1297;-2.5727;0.0115;**;Greece
alpha_11;-0.4342;0.1051;-4.1311;0.0001;***;Greece
alpha_12;-0.3462;0.1025;-3.3758;0.001;***;Greece
alpha_13;-0.2896;0.1043;-2.7766;0.0065;***;Greece
alpha_14;0.6463;0.005;129.0243;0.0;***;Greece
alpha_15;0.7944;0.0407;19.4987;0.0;***;Greece
alpha_16;0.9537;0.0518;18.4117;0.0;***;Greece
alpha_17;-0.542;0.0783;-6.9264;0.0;***;Greece
alpha_18;0.6246;0.0604;10.3351;0.0;***;Greece
alpha_19;0.0828;0.0203;4.0836;0.0001;***;Greece
alpha_20;0.5862;0.0852;6.8797;0.0;***;Greece
alpha_21;-0.2394;0.0918;-2.6078;0.0104;**;Greece
alpha_0;0.2878;0.0417;6.9081;0.0;***;Sudan
alpha_1;1.3096;0.0569;23.014;0.0;***;Sudan
alpha_2;0.382;0.101;3.7806;0.0003;***;Sudan
alpha_3;-0.0019;0.0453;-0.0413;0.9671;;Sudan
alpha_4;-0.0268;0.0786;-0.3405;0.7341;;Sudan
alpha_5;-0.1618;0.0466;-3.4694;0.0008;***;Sudan
alpha_6;0.6513;0.038;17.1575;0.0;***;Sudan
alpha_7;0.1395;0.0202;6.9058;0.0;***;Sudan
alpha_8;-0.0723;0.0879;-0.8226;0.4126;;Sudan
alpha_9;0.6472;0.0404;16.0233;0.0;***;Sudan
alpha_10;-0.378;0.0998;-3.7882;0.0003;***;Sudan
alpha_11;-1.6515;0.0875;-18.8719;0.0;***;Sudan
alpha_12;0.893;0.0598;14.9359;0.0;***;Sudan
alpha_13;0.2542;0.062;4.1028;0.0001;***;Sudan
alpha_14;0.4913;0.0079;62.3187;0.0;***;Sudan
alpha_15;0.3327;0.0348;9.5595;0.0;***;Sudan
alpha_16;-0.4775;0.1073;-4.452;0.0;***;Sudan
alpha_17;1.1077;0.0712;15.5519;0.0;***;Sudan
alpha_18;0.3771;0.0495;7.6119;0.0;***;Sudan
alpha_19;0.0358;0.0279;1.2813;0.2028;;Sudan
alpha_20;1.3771;0.0718;19.166;0.0;***;Sudan
alpha_21;-0.2832;0.0968;-2.9264;0.0042;***;Sudan
alpha_0;0.0484;0.0567;0.853;0.3956;;Indus
alpha_1;0.3;0.0798;3.7616;0.0003;***;Indus
alpha_2;0.4436;0.0731;6.0654;0.0;***;Indus
alpha_3;-0.2197;0.0386;-5.694;0.0;***;Indus
alpha_4;-0.3041;0.0492;-6.1797;0.0;***;Indus
alpha_5;-0.0522;0.015;-3.4893;0.0007;***;Indus
alpha_6;-0.465;0.0262;-17.7441;0.0;***;Indus
alpha_7;0.228;0.0127;17.9366;0.0;***;Indus
alpha_8;0.0475;0.044;1.0795;0.2828;;Indus
alpha_9;0.2328;0.06;3.88;0.0002;***;Indus
alpha_10;0.7883;0.0529;14.8972;0.0;***;Indus
alpha_11;0.5679;0.0828;6.857;0.0;***;Indus
alpha_12;1.7224;0.0713;24.161;0.0;***;Indus
alpha_13;0.4134;0.0302;13.683;0.0;***;Indus
alpha_14;0.6515;0.0065;99.5684;0.0;***;Indus
alpha_15;1.1362;0.0401;28.3631;0.0;***;Indus
alpha_16;1.4036;0.0826;16.983;0.0;***;Indus
alpha_17;-0.0276;0.0634;-0.4359;0.6638;;Indus
alpha_18;0.4044;0.0612;6.6132;0.0;***;Indus
alpha_19;0.0507;0.0137;3.7002;0.0003;***;Indus
alpha_20;0.7423;0.0849;8.7396;0.0;***;Indus
alpha_21;-0.2944;0.1099;-2.6792;0.0085;***;Indus
alpha_0;0.0424;0.0296;1.4312;0.1553;;Ganges
alpha_1;0.8719;0.066;13.2081;0.0;***;Ganges
alpha_2;0.27;0.0355;7.6098;0.0;***;Ganges
alpha_3;-0.6764;0.0317;-21.3099;0.0;***;Ganges
alpha_4;0.4893;0.0537;9.1094;0.0;***;Ganges
alpha_5;0.2041;0.0243;8.4136;0.0;***;Ganges
alpha_6;-0.0852;0.0402;-2.1199;0.0363;**;Ganges
alpha_7;0.0888;0.0199;4.4596;0.0;***;Ganges
alpha_8;0.2101;0.0261;8.0373;0.0;***;Ganges
alpha_9;0.5341;0.0384;13.9148;0.0;***;Ganges
alpha_10;0.6229;0.105;5.9331;0.0;***;Ganges
alpha_11;-0.6611;0.1208;-5.4712;0.0;***;Ganges
alpha_12;-0.3791;0.1305;-2.9044;0.0045;***;Ganges
alpha_13;0.3796;0.0311;12.1913;0.0;***;Ganges
alpha_14;0.8271;0.0048;170.568;0.0;***;Ganges
alpha_15;-0.8029;0.0466;-17.238;0.0;***;Ganges
alpha_16;4.293;0.1219;35.2185;0.0;***;Ganges
alpha_17;-0.8381;0.0828;-10.1175;0.0;***;Ganges
alpha_18;0.2652;0.0263;10.096;0.0;***;Ganges
alpha_19;0.0631;0.0232;2.7221;0.0076;***;Ganges
alpha_20;-1.4068;0.0928;-15.1529;0.0;***;Ganges
alpha_21;-0.6408;0.0606;-10.5826;0.0;***;Ganges
alpha_0;0.0663;0.0176;3.772;0.0003;***;Turkey
alpha_1;-0.2264;0.0826;-2.7416;0.0072;***;Turkey
alpha_2;0.2736;0.0876;3.1235;0.0023;***;Turkey
alpha_3;0.317;0.0466;6.8016;0.0;***;Turkey
alpha_4;0.297;0.0633;4.6958;0.0;***;Turkey
alpha_5;0.4838;0.0277;17.4968;0.0;***;Turkey
alpha_6;-0.3663;0.0433;-8.4673;0.0;***;Turkey
alpha_7;0.583;0.0267;21.8481;0.0;***;Turkey
alpha_8;-0.2209;0.0505;-4.3702;0.0;***;Turkey
alpha_9;-0.0573;0.0241;-2.378;0.0192;**;Turkey
alpha_10;0.2732;0.0785;3.4801;0.0007;***;Turkey
alpha_11;0.3813;0.0763;4.9981;0.0;***;Turkey
alpha_12;-0.237;0.0701;-3.38;0.001;***;Turkey
alpha_13;0.0959;0.0485;1.9784;0.0504;;Turkey
alpha_14;0.7784;0.0048;162.8109;0.0;***;Turkey
alpha_15;0.6811;0.0259;26.2879;0.0;***;Turkey
alpha_16;0.8276;0.0327;25.3045;0.0;***;Turkey
alpha_17;0.1211;0.0947;1.2792;0.2036;;Turkey
alpha_18;0.3136;0.0222;14.1589;0.0;***;Turkey
alpha_19;0.1008;0.0122;8.2519;0.0;***;Turkey
alpha_20;-0.5433;0.0613;-8.86;0.0;***;Turkey
alpha_21;-0.3123;0.0829;-3.7674;0.0003;***;Turkey
alpha_0;-0.2034;0.0385;-5.2883;0.0;***;Italy
alpha_1;0.3413;0.0676;5.0499;0.0;***;Italy
alpha_2;0.0384;0.0661;0.5812;0.5623;;Italy
alpha_3;0.5078;0.0464;10.9381;0.0;***;Italy
alpha_4;-0.1632;0.0676;-2.4149;0.0174;**;Italy
alpha_5;-0.0256;0.0216;-1.1828;0.2395;;Italy
alpha_6;-0.2554;0.0344;-7.4219;0.0;***;Italy
alpha_7;0.2796;0.0247;11.3118;0.0;***;Italy
alpha_8;-0.0903;0.0519;-1.7387;0.085;;Italy
alpha_9;-0.0062;0.0437;-0.1418;0.8875;;Italy
alpha_10;-0.5934;0.0635;-9.3406;0.0;***;Italy
alpha_11;1.4653;0.0595;24.6323;0.0;***;Italy
alpha_12;0.2327;0.0959;2.4279;0.0169;**;Italy
alpha_13;0.2156;0.047;4.5856;0.0;***;Italy
alpha_14;0.7196;0.006;120.1559;0.0;***;Italy
alpha_15;0.1479;0.0359;4.1165;0.0001;***;Italy
alpha_16;0.8098;0.0474;17.0875;0.0;***;Italy
alpha_17;-0.2452;0.0933;-2.6272;0.0099;***;Italy
alpha_18;0.229;0.0409;5.6001;0.0;***;Italy
alpha_19;0.2187;0.0178;12.3201;0.0;***;Italy
alpha_20;0.583;0.108;5.4001;0.0;***;Italy
alpha_21;-1.0415;0.1067;-9.7645;0.0;***;Italy
alpha_0;0.508;0.0525;9.6735;0.0;***;California
alpha_1;1.0361;0.073;14.2032;0.0;***;California
alpha_2;0.6963;0.0594;11.7164;0.0;***;California
alpha_3;0.0056;0.0457;0.1226;0.9026;;California
alpha_4;0.0959;0.0632;1.5156;0.1326;;California
alpha_5;0.1564;0.0355;4.4102;0.0;***;California
alpha_6;-0.3647;0.0618;-5.8997;0.0;***;California
alpha_7;0.0014;0.0222;0.065;0.9483;;California
alpha_8;0.0048;0.0697;0.0687;0.9454;;California
alpha_9;0.8266;0.0437;18.9238;0.0;***;California
alpha_10;-0.2495;0.0944;-2.6438;0.0094;***;California
alpha_11;0.9585;0.1155;8.3003;0.0;***;California
alpha_12;1.1275;0.0548;20.5845;0.0;***;California
alpha_13;0.7926;0.0804;9.8577;0.0;***;California
alpha_14;0.7606;0.0055;139.5069;0.0;***;California
alpha_15;0.4175;0.0418;9.9777;0.0;***;California
alpha_16;0.5511;0.0978;5.6326;0.0;***;California
alpha_17;-0.5063;0.0871;-5.8101;0.0;***;California
alpha_18;0.5607;0.0388;14.4531;0.0;***;California
alpha_19;0.1781;0.0157;11.3489;0.0;***;California
alpha_20;0.77;0.0764;10.0816;0.0;***;California
alpha_21;1.2046;0.0788;15.2817;0.0;***;California
alpha_0;-0.0008;0.0567;-0.0137;0.9891;;Mexico
alpha_1;0.5418;0.0692;7.8325;0.0;***;Mexico
alpha_2;-1.1132;0.0551;-20.1963;0.0;***;Mexico
alpha_3;1.6891;0.0452;37.4037;0.0;***;Mexico
alpha_4;-0.6846;0.0659;-10.389;0.0;***;Mexico
alpha_5;0.1285;0.0385;3.3372;0.0012;***;Mexico
alpha_6;0.0083;0.0663;0.1259;0.9;;Mexico
alpha_7;-0.0326;0.0229;-1.4247;0.1571;;Mexico
alpha_8;2.0083;0.0371;54.0755;0.0;***;Mexico
alpha_9;1.1055;0.0565;19.5526;0.0;***;Mexico
alpha_10;-1.5839;0.1054;-15.0302;0.0;***;Mexico
alpha_11;0.6576;0.1406;4.6768;0.0;***;Mexico
alpha_12;0.7695;0.0934;8.24;0.0;***;Mexico
alpha_13;1.2825;0.0429;29.8686;0.0;***;Mexico
alpha_14;0.8371;0.0042;198.1578;0.0;***;Mexico
alpha_15;-0.7729;0.0433;-17.8307;0.0;***;Mexico
alpha_16;0.4789;0.0723;6.6223;0.0;***;Mexico
alpha_17;0.5083;0.0705;7.2072;0.0;***;Mexico
alpha_18;1.0857;0.0563;19.2807;0.0;***;Mexico
alpha_19;-0.0582;0.0206;-2.8265;0.0056;***;Mexico
alpha_20;1.475;0.0716;20.6049;0.0;***;Mexico
alpha_21;1.7707;0.0583;30.3514;0.0;***;Mexico
alpha_0;0.0007;0.0231;0.0284;0.9774;;Chile
alpha_1;0.2893;0.0719;4.0234;0.0001;***;Chile
alpha_2;-1.2596;0.099;-12.7294;0.0;***;Chile
alpha_3;0.3379;0.0337;10.0292;0.0;***;Chile
alpha_4;-0.5973;0.0509;-11.7443;0.0;***;Chile
alpha_5;-0.2436;0.0255;-9.567;0.0;***;Chile
alpha_6;-0.1487;0.0456;-3.2605;0.0015;***;Chile
alpha_7;0.5944;0.0292;20.3385;0.0;***;Chile
alpha_8;-0.2106;0.0611;-3.4469;0.0008;***;Chile
alpha_9;-0.1033;0.035;-2.9487;0.0039;***;Chile
alpha_10;0.3095;0.0584;5.3038;0.0;***;Chile
alpha_11;0.009;0.0906;0.0995;0.9209;;Chile
alpha_12;0.4145;0.0452;9.1739;0.0;***;Chile
alpha_13;0.6913;0.0427;16.2032;0.0;***;Chile
alpha_14;0.8473;0.003;285.0545;0.0;***;Chile
alpha_15;0.2559;0.0296;8.6521;0.0;***;Chile
alpha_16;1.2036;0.0577;20.843;0.0;***;Chile
alpha_17;-0.4887;0.0547;-8.9397;0.0;***;Chile
alpha_18;0.4266;0.0341;12.4916;0.0;***;Chile
alpha_19;0.333;0.0245;13.5962;0.0;***;Chile
alpha_20;0.5703;0.0692;8.2475;0.0;***;Chile
alpha_21;0.6755;0.0648;10.4183;0.0;***;Chile
alpha_0;0.1542;0.0603;2.5576;0.0119;**;Iran
alpha_1;1.2685;0.0453;28.0292;0.0;***;Iran
alpha_2;0.7506;0.066;11.366;0.0;***;Iran
alpha_3;0.2392;0.033;7.2568;0.0;***;Iran
alpha_4;0.165;0.0445;3.7047;0.0003;***;Iran
alpha_5;0.1707;0.0433;3.9418;0.0001;***;Iran
alpha_6;-0.0597;0.0411;-1.4542;0.1488;;Iran
alpha_7;-0.3453;0.0186;-18.5444;0.0;***;Iran
alpha_8;0.1303;0.0356;3.6647;0.0004;***;Iran
alpha_9;0.1358;0.0555;2.4462;0.0161;**;Iran
alpha_10;0.3313;0.0835;3.9683;0.0001;***;Iran
alpha_11;0.348;0.0944;3.6875;0.0004;***;Iran
alpha_12;0.6234;0.0765;8.1522;0.0;***;Iran
alpha_13;0.4142;0.0542;7.6461;0.0;***;Iran
alpha_14;0.7901;0.0055;143.2555;0.0;***;Iran
alpha_15;0.7036;0.0537;13.1096;0.0;***;Iran
alpha_16;-0.506;0.1156;-4.3774;0.0;***;Iran
alpha_17;-0.1517;0.0492;-3.0838;0.0026;***;Iran
alpha_18;0.6943;0.0402;17.2797;0.0;***;Iran
alpha_19;0.0562;0.0129;4.3615;0.0;***;Iran
alpha_20;0.3703;0.1042;3.5526;0.0006;***;Iran
alpha_21;0.3238;0.1207;2.6836;0.0084;***;Iran
alpha_0;-0.0216;0.0371;-0.5809;0.5626;;Vietnam
alpha_1;-0.6277;0.1116;-5.622;0.0;***;Vietnam
alpha_2;0.3617;0.0751;4.8158;0.0;***;Vietnam
alpha_3;0.3316;0.0583;5.6905;0.0;***;Vietnam
alpha_4;0.436;0.0518;8.4122;0.0;***;Vietnam
alpha_5;0.1254;0.0423;2.9643;0.0037;***;Vietnam
alpha_6;-0.1984;0.0572;-3.4667;0.0008;***;Vietnam
alpha_7;0.1821;0.0275;6.61;0.0;***;Vietnam
alpha_8;-0.3565;0.0546;-6.5248;0.0;***;Vietnam
alpha_9;0.509;0.0497;10.2421;0.0;***;Vietnam
alpha_10;1.2943;0.1493;8.6712;0.0;***;Vietnam
alpha_11;1.8801;0.1111;16.928;0.0;***;Vietnam
alpha_12;0.5436;0.1121;4.847;0.0;***;Vietnam
alpha_13;0.6189;0.0666;9.2935;0.0;***;Vietnam
alpha_14;0.7102;0.0048;146.937;0.0;***;Vietnam
alpha_15;0.8746;0.0498;17.562;0.0;***;Vietnam
alpha_16;-0.4239;0.1137;-3.7273;0.0003;***;Vietnam
alpha_17;-0.5388;0.0911;-5.9169;0.0;***;Vietnam
alpha_18;0.6249;0.0561;11.1319;0.0;***;Vietnam
alpha_19;-0.0935;0.025;-3.7399;0.0003;***;Vietnam
alpha_20;0.2524;0.1021;2.4724;0.015;**;Vietnam
alpha_21;0.4923;0.1024;4.8099;0.0;***;Vietnam
alpha_0;0.0478;0.0339;1.4107;0.1612;;Thailand
alpha_1;-0.9974;0.0773;-12.9057;0.0;***;Thailand
alpha_2;0.1688;0.0787;2.1452;0.0342;**;Thailand
alpha_3;0.2008;0.0404;4.9677;0.0;***;Thailand
alpha_4;0.2415;0.0473;5.1071;0.0;***;Thailand
alpha_5;0.0159;0.0244;0.6517;0.516;;Thailand
alpha_6;-0.5436;0.0364;-14.9241;0.0;***;Thailand
alpha_7;-0.1135;0.0211;-5.379;0.0;***;Thailand
alpha_8;-0.0344;0.038;-0.9058;0.3671;;Thailand
alpha_9;0.0558;0.0388;1.4385;0.1532;;Thailand
alpha_10;-0.0593;0.1095;-0.5414;0.5894;;Thailand
alpha_11;-0.0105;0.0946;-0.1105;0.9122;;Thailand
alpha_12;-0.5366;0.1299;-4.1302;0.0001;***;Thailand
alpha_13;0.0665;0.0545;1.2192;0.2255;;Thailand
alpha_14;0.8188;0.0044;187.4162;0.0;***;Thailand
alpha_15;0.048;0.0336;1.4261;0.1568;;Thailand
alpha_16;0.7233;0.0398;18.1772;0.0;***;Thailand
alpha_17;0.7263;0.0675;10.761;0.0;***;Thailand
alpha_18;0.159;0.0441;3.6057;0.0005;***;Thailand
alpha_19;0.2914;0.0242;12.0527;0.0;***;Thailand
alpha_20;-0.1801;0.0864;-2.0858;0.0394;**;Thailand
alpha_21;1.3682;0.0412;33.2057;0.0;***;Thailand
alpha_0;0.0121;0.0417;0.2892;0.773;;Australia
alpha_1;4.2849;0.1067;40.1513;0.0;***;Australia
alpha_2;-1.7599;0.0591;-29.7802;0.0;***;Australia
alpha_3;-0.5226;0.0289;-18.091;0.0;***;Australia
alpha_4;2.4285;0.0528;45.9736;0.0;***;Australia
alpha_5;0.1308;0.0326;4.0103;0.0001;***;Australia
alpha_6;0.0569;0.0359;1.5831;0.1163;;Australia
alpha_7;-0.0193;0.0212;-0.9129;0.3634;;Australia
alpha_8;-0.9219;0.0395;-23.3599;0.0;***;Australia
alpha_9;-0.2129;0.0531;-4.0107;0.0001;***;Australia
alpha_10;-0.9103;0.0988;-9.2139;0.0;***;Australia
alpha_11;1.5083;0.0755;19.9811;0.0;***;Australia
alpha_12;2.4246;0.0912;26.6001;0.0;***;Australia
alpha_13;2.303;0.0365;63.14;0.0;***;Australia
alpha_14;0.9379;0.0026;354.6145;0.0;***;Australia
alpha_15;1.5482;0.0527;29.3791;0.0;***;Australia
alpha_16;1.1775;0.0877;13.4316;0.0;***;Australia
alpha_17;1.867;0.0639;29.2221;0.0;***;Australia
alpha_18;1.61;0.0668;24.0926;0.0;***;Australia
alpha_19;-0.01;0.0171;-0.5839;0.5605;;Australia
alpha_20;3.7671;0.0842;44.7266;0.0;***;Australia
alpha_21;1.0381;0.0675;15.3726;0.0;***;Australia
alpha_0;0.0228;0.055;0.4137;0.6799;;ArabianPeninsula
alpha_1;3.5864;0.1377;26.0425;0.0;***;ArabianPeninsula
alpha_2;1.3973;0.0692;20.2044;0.0;***;ArabianPeninsula
alpha_3;-0.1454;0.0528;-2.7548;0.0069;***;ArabianPeninsula
alpha_4;0.8177;0.0616;13.2642;0.0;***;ArabianPeninsula
alpha_5;0.2096;0.047;4.4637;0.0;***;ArabianPeninsula
alpha_6;-0.5222;0.047;-11.1081;0.0;***;ArabianPeninsula
alpha_7;-0.2297;0.0235;-9.7701;0.0;***;ArabianPeninsula
alpha_8;0.1598;0.0486;3.288;0.0014;***;ArabianPeninsula
alpha_9;0.0401;0.0537;0.7458;0.4574;;ArabianPeninsula
alpha_10;0.3788;0.0736;5.1464;0.0;***;ArabianPeninsula
alpha_11;0.1922;0.1435;1.3397;0.1832;;ArabianPeninsula
alpha_12;0.5416;0.0825;6.5681;0.0;***;ArabianPeninsula
alpha_13;-2.441;0.1139;-21.4301;0.0;***;ArabianPeninsula
alpha_14;0.4579;0.0063;73.0256;0.0;***;ArabianPeninsula
alpha_15;1.4744;0.0474;31.1324;0.0;***;ArabianPeninsula
alpha_16;0.6676;0.0678;9.8407;0.0;***;ArabianPeninsula
alpha_17;1.1765;0.0873;13.4831;0.0;***;ArabianPeninsula
alpha_18;0.9127;0.0537;17.0014;0.0;***;ArabianPeninsula
alpha_19;0.0346;0.0145;2.3962;0.0183;**;ArabianPeninsula
alpha_20;0.9685;0.0918;10.5491;0.0;***;ArabianPeninsula
alpha_21;1.1511;0.0907;12.6936;0.0;***;ArabianPeninsula
alpha_0;0.0349;0.0159;2.2012;0.0299;**;China
alpha_1;2.2581;0.0987;22.8731;0.0;***;China
alpha_2;0.3619;0.0599;6.0447;0.0;***;China
alpha_3;0.9155;0.0417;21.9802;0.0;***;China
alpha_4;-1.6079;0.0767;-20.9711;0.0;***;China
alpha_5;0.1236;0.0358;3.4515;0.0008;***;China
alpha_6;0.1224;0.0386;3.1751;0.002;***;China
alpha_7;-0.0191;0.0261;-0.7307;0.4666;;China
alpha_8;0.1512;0.0569;2.6586;0.0091;***;China
alpha_9;1.4983;0.0529;28.315;0.0;***;China
alpha_10;0.8694;0.1059;8.2091;0.0;***;China
alpha_11;2.2149;0.1319;16.7926;0.0;***;China
alpha_12;0.9385;0.1413;6.6432;0.0;***;China
alpha_13;1.324;0.0707;18.7226;0.0;***;China
alpha_14;0.8525;0.0051;166.6432;0.0;***;China
alpha_15;0.0849;0.0349;2.4293;0.0168;**;China
alpha_16;1.8736;0.1125;16.6524;0.0;***;China
alpha_17;-0.5216;0.1141;-4.5714;0.0;***;China
alpha_18;1.103;0.0484;22.768;0.0;***;China
alpha_19;-0.4634;0.0137;-33.7371;0.0;***;China
alpha_20;0.8819;0.1298;6.795;0.0;***;China
alpha_21;0.344;0.0917;3.7521;0.0003;***;China
alpha_0;0.0386;0.0347;1.1131;0.2681;;Peru
alpha_1;2.0981;0.0489;42.9056;0.0;***;Peru
alpha_2;-0.5295;0.0654;-8.098;0.0;***;Peru
alpha_3;-1.0997;0.0374;-29.4108;0.0;***;Peru
alpha_4;2.0269;0.0612;33.1375;0.0;***;Peru
alpha_5;-0.0754;0.0249;-3.027;0.0031;***;Peru
alpha_6;0.1802;0.0353;5.1063;0.0;***;Peru
alpha_7;0.0719;0.0198;3.6306;0.0004;***;Peru
alpha_8;-0.567;0.0357;-15.8767;0.0;***;Peru
alpha_9;1.1455;0.0464;24.7151;0.0;***;Peru
alpha_10;2.6399;0.0482;54.7604;0.0;***;Peru
alpha_11;0.6533;0.0941;6.9442;0.0;***;Peru
alpha_12;-3.05;0.1111;-27.4486;0.0;***;Peru
alpha_13;-1.5443;0.0426;-36.2303;0.0;***;Peru
alpha_14;0.4168;0.0079;52.6357;0.0;***;Peru
alpha_15;0.9029;0.0441;20.4951;0.0;***;Peru
alpha_16;1.2972;0.0739;17.5588;0.0;***;Peru
alpha_17;1.3381;0.096;13.9417;0.0;***;Peru
alpha_18;3.2402;0.0723;44.8183;0.0;***;Peru
alpha_19;0.0618;0.0228;2.7154;0.0077;***;Peru
alpha_20;2.276;0.1192;19.0969;0.0;***;Peru
alpha_21;2.3754;0.067;35.467;0.0;***;Peru
alpha_0;-0.0777;0.0117;-6.6576;0.0;***;Nile
alpha_1;-0.7642;0.0314;-24.3432;0.0;***;Nile
alpha_2;0.2502;0.055;4.5529;0.0;***;Nile
alpha_3;0.5559;0.0429;12.9573;0.0;***;Nile
alpha_4;0.4723;0.0318;14.8313;0.0;***;Nile
alpha_5;-0.1601;0.0207;-7.7462;0.0;***;Nile
alpha_6;-0.1649;0.049;-3.3659;0.0011;***;Nile
alpha_7;0.2046;0.0253;8.1011;0.0;***;Nile
alpha_8;-0.0133;0.0476;-0.2782;0.7814;;Nile
alpha_9;0.0697;0.0395;1.7618;0.081;;Nile
alpha_10;1.5278;0.0286;53.4419;0.0;***;Nile
alpha_11;0.2464;0.0549;4.4867;0.0;***;Nile
alpha_12;0.4597;0.0702;6.5527;0.0;***;Nile
alpha_13;0.2486;0.0257;9.6871;0.0;***;Nile
alpha_14;0.7663;0.007;109.2026;0.0;***;Nile
alpha_15;-0.4276;0.0381;-11.211;0.0;***;Nile
alpha_16;0.3196;0.0992;3.2233;0.0017;***;Nile
alpha_17;-0.0819;0.0903;-0.9076;0.3661;;Nile
alpha_18;0.2959;0.0297;9.9487;0.0;***;Nile
alpha_19;0.1239;0.0236;5.2605;0.0;***;Nile
alpha_20;0.2241;0.0548;4.0926;0.0001;***;Nile
alpha_21;0.271;0.1066;2.5408;0.0125;**;Nile
alpha_0;0.483;0.0501;9.6388;0.0;***;Java
alpha_1;-0.6351;0.0865;-7.3388;0.0;***;Java
alpha_2;0.4725;0.0915;5.1666;0.0;***;Java
alpha_3;-0.6776;0.0584;-11.6026;0.0;***;Java
alpha_4;-0.1494;0.0614;-2.4327;0.0166;**;Java
alpha_5;-1.4561;0.0409;-35.5972;0.0;***;Java
alpha_6;-0.3595;0.0522;-6.8881;0.0;***;Java
alpha_7;0.8555;0.0309;27.6464;0.0;***;Java
alpha_8;-0.1525;0.0552;-2.7639;0.0067;***;Java
alpha_9;0.0385;0.0477;0.8078;0.421;;Java
alpha_10;0.7636;0.1042;7.3266;0.0;***;Java
alpha_11;0.6891;0.0801;8.6053;0.0;***;Java
alpha_12;0.2324;0.1089;2.1349;0.0351;**;Java
alpha_13;0.167;0.0451;3.7045;0.0003;***;Java
alpha_14;0.6576;0.0071;92.1532;0.0;***;Java
alpha_15;0.9378;0.0394;23.7862;0.0;***;Java
alpha_16;-0.1494;0.0986;-1.5158;0.1325;;Java
alpha_17;-0.6839;0.0763;-8.9673;0.0;***;Java
alpha_18;0.5188;0.065;7.9755;0.0;***;Java
alpha_19;0.0085;0.0271;0.3123;0.7554;;Java
alpha_20;1.8048;0.0564;32.0078;0.0;***;Java
alpha_21;-0.7921;0.0977;-8.105;0.0;***;Java
alpha_0;0.3866;0.0471;8.2072;0.0;***;Japan
alpha_1;1.1285;0.0752;15.0039;0.0;***;Japan
alpha_2;0.5447;0.0605;9.0041;0.0;***;Japan
alpha_3;0.5606;0.0513;10.9205;0.0;***;Japan
alpha_4;-0.5304;0.0659;-8.0544;0.0;***;Japan
alpha_5;0.2892;0.0379;7.6362;0.0;***;Japan
alpha_6;0.2582;0.0649;3.9781;0.0001;***;Japan
alpha_7;-0.4475;0.0257;-17.3949;0.0;***;Japan
alpha_8;0.3269;0.0437;7.4851;0.0;***;Japan
alpha_9;0.198;0.0424;4.6668;0.0;***;Japan
alpha_10;0.859;0.1192;7.2045;0.0;***;Japan
alpha_11;0.853;0.1002;8.5165;0.0;***;Japan
alpha_12;0.1037;0.1265;0.8194;0.4144;;Japan
alpha_13;0.9281;0.0994;9.3352;0.0;***;Japan
alpha_14;0.8722;0.004;220.7511;0.0;***;Japan
alpha_15;0.3526;0.0456;7.7246;0.0;***;Japan
alpha_16;0.5631;0.0871;6.469;0.0;***;Japan
alpha_17;-1.7111;0.0877;-19.5058;0.0;***;Japan
alpha_18;0.7161;0.0508;14.1089;0.0;***;Japan
alpha_19;-0.3152;0.033;-9.5615;0.0;***;Japan
alpha_20;0.9274;0.0919;10.0891;0.0;***;Japan
alpha_21;-0.2363;0.1127;-2.0971;0.0383;**;Japan
alpha_0;0.0423;0.0514;0.8233;0.4122;;Spain
alpha_1;0.2705;0.1053;2.5687;0.0116;**;Spain
alpha_2;0.2358;0.0838;2.8149;0.0058;***;Spain
alpha_3;-0.0418;0.042;-0.9941;0.3224;;Spain
alpha_4;-0.1774;0.0544;-3.2608;0.0015;***;Spain
alpha_5;0.1246;0.0246;5.064;0.0;***;Spain
alpha_6;-0.0554;0.0327;-1.6925;0.0935;;Spain
alpha_7;-0.0021;0.0184;-0.1135;0.9098;;Spain
alpha_8;-0.1631;0.049;-3.3267;0.0012;***;Spain
alpha_9;0.4985;0.0443;11.2473;0.0;***;Spain
alpha_10;0.5428;0.0871;6.235;0.0;***;Spain
alpha_11;1.3253;0.0671;19.7432;0.0;***;Spain
alpha_12;0.5662;0.0996;5.6828;0.0;***;Spain
alpha_13;0.7034;0.0538;13.0809;0.0;***;Spain
alpha_14;0.6568;0.006;110.1092;0.0;***;Spain
alpha_15;1.0557;0.0499;21.1599;0.0;***;Spain
alpha_16;1.054;0.1071;9.8392;0.0;***;Spain
alpha_17;1.3955;0.0408;34.1839;0.0;***;Spain
alpha_18;0.5216;0.0334;15.6304;0.0;***;Spain
alpha_19;0.1984;0.0119;16.7366;0.0;***;Spain
alpha_20;0.6914;0.0815;8.4856;0.0;***;Spain
alpha_21;-0.1123;0.0809;-1.3869;0.1684;;Spain
